<?xml version = '1.0' encoding = 'UTF-8'?>
<Entity class="oracle.dbtools.crest.model.design.logical.Entity" directorySegmentName="seg_0" id="3242DB3F-8942-E9A3-6411-A3F86689ACA5" name="INVOICE">
<createdBy>yneh0001</createdBy>
<createdTime>2021-04-27 13:15:03 UTC</createdTime>
<ownerDesignName>logical diagram</ownerDesignName>
<engineerTo>
<item key="D178B714-BBF5-3B11-9001-9E181880335C" value="true"/>
</engineerTo>
<adequatelyNormalized>NO</adequatelyNormalized>
<expectedVolumes>0</expectedVolumes>
<fwdEngineeringStrategyName>Single Table</fwdEngineeringStrategyName>
<growthPercent>0</growthPercent>
<growthType>Year</growthType>
<maxVolumes>9999999</maxVolumes>
<minVolumes>0</minVolumes>
<normalForm>Third</normalForm>
<attributes itemClass="oracle.dbtools.crest.model.design.logical.Attribute">
<Attribute name="pet_id" id="334F8160-73EA-BEA9-79ED-2762825E3DD2">
<createdBy>yneh0001</createdBy>
<createdTime>2021-04-27 13:15:17 UTC</createdTime>
<commentInRDBMS><![CDATA[pet id]]></commentInRDBMS>
<ownerDesignName>logical diagram</ownerDesignName>
<engineerTo>
<item key="D178B714-BBF5-3B11-9001-9E181880335C" value="true"/>
</engineerTo>
<useDomainConstraints>false</useDomainConstraints>
<use>1</use>
<logicalDatatype>LOGDT019</logicalDatatype>
<dataTypePrecision>3</dataTypePrecision>
<ownDataTypeParameters>,3,</ownDataTypeParameters>
</Attribute>
<Attribute name="vet_id" id="D0C5A3C4-2214-A75F-3B1B-36732F7350E6">
<createdBy>yneh0001</createdBy>
<createdTime>2021-04-27 13:15:17 UTC</createdTime>
<commentInRDBMS><![CDATA[vet id]]></commentInRDBMS>
<ownerDesignName>logical diagram</ownerDesignName>
<engineerTo>
<item key="D178B714-BBF5-3B11-9001-9E181880335C" value="true"/>
</engineerTo>
<useDomainConstraints>false</useDomainConstraints>
<use>1</use>
<logicalDatatype>LOGDT019</logicalDatatype>
<dataTypePrecision>4</dataTypePrecision>
<ownDataTypeParameters>,4,</ownDataTypeParameters>
</Attribute>
<Attribute name="service_datetime" id="8A0CA391-ABD8-4E71-475E-BF5329286F6E">
<createdBy>yneh0001</createdBy>
<createdTime>2021-04-27 13:15:18 UTC</createdTime>
<commentInRDBMS><![CDATA[service date ad time]]></commentInRDBMS>
<ownerDesignName>logical diagram</ownerDesignName>
<engineerTo>
<item key="D178B714-BBF5-3B11-9001-9E181880335C" value="true"/>
</engineerTo>
<useDomainConstraints>false</useDomainConstraints>
<use>1</use>
<logicalDatatype>LOGDT008</logicalDatatype>
<ownDataTypeParameters>,,</ownDataTypeParameters>
</Attribute>
<Attribute name="total_amount" id="58C78C66-C655-3E6F-8081-E829F82F8972">
<createdBy>yneh0001</createdBy>
<createdTime>2021-04-27 13:15:19 UTC</createdTime>
<commentInRDBMS><![CDATA[total costs of vist]]></commentInRDBMS>
<ownerDesignName>logical diagram</ownerDesignName>
<engineerTo>
<item key="D178B714-BBF5-3B11-9001-9E181880335C" value="true"/>
</engineerTo>
<useDomainConstraints>false</useDomainConstraints>
<use>1</use>
<logicalDatatype>LOGDT019</logicalDatatype>
<dataTypePrecision>10</dataTypePrecision>
<dataTypeScale>2</dataTypeScale>
<ownDataTypeParameters>,10,2</ownDataTypeParameters>
</Attribute>
<Attribute name="pay_type" id="51C2C3C9-A39A-407B-69FC-15B56453F606">
<createdBy>yneh0001</createdBy>
<createdTime>2021-04-27 13:15:20 UTC</createdTime>
<commentInRDBMS><![CDATA[payment type]]></commentInRDBMS>
<ownerDesignName>logical diagram</ownerDesignName>
<engineerTo>
<item key="D178B714-BBF5-3B11-9001-9E181880335C" value="true"/>
</engineerTo>
<useDomainConstraints>false</useDomainConstraints>
<use>1</use>
<logicalDatatype>LOGDT024</logicalDatatype>
<dataTypeSize>4</dataTypeSize>
<ownDataTypeParameters>4,,</ownDataTypeParameters>
</Attribute>
</attributes>
<identifiers itemClass="oracle.dbtools.crest.model.design.logical.CandidateKey">
<identifier id="3C1E504C-866E-C6F0-E41A-8B65052C82F5" name="INVOICE PK">
<createdBy>yneh0001</createdBy>
<createdTime>2021-04-27 13:16:46 UTC</createdTime>
<ownerDesignName>logical diagram</ownerDesignName>
<engineerTo>
<item key="D178B714-BBF5-3B11-9001-9E181880335C" value="true"/>
</engineerTo>
<pk>true</pk>
<usedAttributes>
<attributeRef>334F8160-73EA-BEA9-79ED-2762825E3DD2</attributeRef>
<attributeRef>8A0CA391-ABD8-4E71-475E-BF5329286F6E</attributeRef>
</usedAttributes>
</identifier>
</identifiers>
</Entity>