<?xml version = '1.0' encoding = 'UTF-8'?>
<Entity class="oracle.dbtools.crest.model.design.logical.Entity" directorySegmentName="seg_0" id="6B5A8FAF-E4FA-123D-FB89-3B30651B1981" name="OWNER">
<createdBy>yneh0001</createdBy>
<createdTime>2021-04-27 12:14:17 UTC</createdTime>
<ownerDesignName>logical diagram</ownerDesignName>
<engineerTo>
<item key="D178B714-BBF5-3B11-9001-9E181880335C" value="true"/>
</engineerTo>
<adequatelyNormalized>NO</adequatelyNormalized>
<expectedVolumes>0</expectedVolumes>
<fwdEngineeringStrategyName>Single Table</fwdEngineeringStrategyName>
<growthPercent>0</growthPercent>
<growthType>Year</growthType>
<maxVolumes>9999999</maxVolumes>
<minVolumes>0</minVolumes>
<normalForm>Third</normalForm>
<attributes itemClass="oracle.dbtools.crest.model.design.logical.Attribute">
<Attribute name="owner_id" id="09D97183-978F-A921-54D2-11F728A12DD0">
<createdBy>yneh0001</createdBy>
<createdTime>2021-04-27 12:15:11 UTC</createdTime>
<commentInRDBMS><![CDATA[owners' identification number]]></commentInRDBMS>
<ownerDesignName>logical diagram</ownerDesignName>
<engineerTo>
<item key="D178B714-BBF5-3B11-9001-9E181880335C" value="true"/>
</engineerTo>
<useDomainConstraints>false</useDomainConstraints>
<use>1</use>
<logicalDatatype>LOGDT019</logicalDatatype>
<dataTypePrecision>4</dataTypePrecision>
<ownDataTypeParameters>,4,</ownDataTypeParameters>
</Attribute>
<Attribute name="owner_givname" id="4DA893BA-6022-AB96-1AA6-C077B0BDEFCD">
<createdBy>yneh0001</createdBy>
<createdTime>2021-04-27 12:15:11 UTC</createdTime>
<commentInRDBMS><![CDATA[owner given name]]></commentInRDBMS>
<ownerDesignName>logical diagram</ownerDesignName>
<engineerTo>
<item key="D178B714-BBF5-3B11-9001-9E181880335C" value="true"/>
</engineerTo>
<useDomainConstraints>false</useDomainConstraints>
<use>1</use>
<logicalDatatype>LOGDT024</logicalDatatype>
<dataTypeSize>50</dataTypeSize>
<ownDataTypeParameters>50,,</ownDataTypeParameters>
</Attribute>
<Attribute name="owner_famname" id="B3764630-7968-AB46-DFB4-19FCFBDA9A4F">
<createdBy>yneh0001</createdBy>
<createdTime>2021-04-27 12:15:12 UTC</createdTime>
<commentInRDBMS><![CDATA[owner family name]]></commentInRDBMS>
<ownerDesignName>logical diagram</ownerDesignName>
<engineerTo>
<item key="D178B714-BBF5-3B11-9001-9E181880335C" value="true"/>
</engineerTo>
<useDomainConstraints>false</useDomainConstraints>
<use>1</use>
<logicalDatatype>LOGDT024</logicalDatatype>
<dataTypeSize>50</dataTypeSize>
<ownDataTypeParameters>50,,</ownDataTypeParameters>
</Attribute>
<Attribute name="owner_addstreet" id="482CAAEE-8209-DAFF-158C-A9580E8D8CA0">
<createdBy>yneh0001</createdBy>
<createdTime>2021-04-27 12:15:13 UTC</createdTime>
<commentInRDBMS><![CDATA[owner address street]]></commentInRDBMS>
<ownerDesignName>logical diagram</ownerDesignName>
<engineerTo>
<item key="D178B714-BBF5-3B11-9001-9E181880335C" value="true"/>
</engineerTo>
<useDomainConstraints>false</useDomainConstraints>
<use>1</use>
<logicalDatatype>LOGDT024</logicalDatatype>
<dataTypeSize>50</dataTypeSize>
<ownDataTypeParameters>50,,</ownDataTypeParameters>
</Attribute>
<Attribute name="owner_addtown" id="1CF65DB4-F764-C4E5-FC54-CCDC06474F62">
<createdBy>yneh0001</createdBy>
<createdTime>2021-04-27 12:15:14 UTC</createdTime>
<commentInRDBMS><![CDATA[owner address town]]></commentInRDBMS>
<ownerDesignName>logical diagram</ownerDesignName>
<engineerTo>
<item key="D178B714-BBF5-3B11-9001-9E181880335C" value="true"/>
</engineerTo>
<useDomainConstraints>false</useDomainConstraints>
<use>1</use>
<logicalDatatype>LOGDT024</logicalDatatype>
<dataTypeSize>50</dataTypeSize>
<ownDataTypeParameters>50,,</ownDataTypeParameters>
</Attribute>
<Attribute name="owner_addpostcode" id="EB9926C5-22C1-796C-A09C-6383699325C9">
<createdBy>yneh0001</createdBy>
<createdTime>2021-04-27 12:15:15 UTC</createdTime>
<commentInRDBMS><![CDATA[owner address postcode]]></commentInRDBMS>
<ownerDesignName>logical diagram</ownerDesignName>
<engineerTo>
<item key="D178B714-BBF5-3B11-9001-9E181880335C" value="true"/>
</engineerTo>
<useDomainConstraints>false</useDomainConstraints>
<use>1</use>
<logicalDatatype>LOGDT019</logicalDatatype>
<dataTypePrecision>4</dataTypePrecision>
<ownDataTypeParameters>,4,</ownDataTypeParameters>
</Attribute>
<Attribute name="owner_phone" id="2367E35D-07DF-25E5-7DDD-1E08A8CD813B">
<createdBy>yneh0001</createdBy>
<createdTime>2021-04-27 12:15:15 UTC</createdTime>
<commentInRDBMS><![CDATA[owner phone number]]></commentInRDBMS>
<ownerDesignName>logical diagram</ownerDesignName>
<engineerTo>
<item key="D178B714-BBF5-3B11-9001-9E181880335C" value="true"/>
</engineerTo>
<nullsAllowed>true</nullsAllowed>
<useDomainConstraints>false</useDomainConstraints>
<use>1</use>
<logicalDatatype>LOGDT025</logicalDatatype>
<dataTypeSize>10</dataTypeSize>
<ownDataTypeParameters>10,,</ownDataTypeParameters>
</Attribute>
<Attribute name="vet_id" id="9B4E6B6F-9425-0178-E331-ED40C52873E0">
<createdBy>yneh0001</createdBy>
<createdTime>2021-04-27 15:10:09 UTC</createdTime>
<commentInRDBMS><![CDATA[vet id]]></commentInRDBMS>
<generatorID>3460E8C8-7D8E-48CF-9AE0-4D329AA1795B</generatorID>
<ownerDesignName>logical diagram</ownerDesignName>
<engineerTo>
<item key="D178B714-BBF5-3B11-9001-9E181880335C" value="true"/>
</engineerTo>
<referedAttribute>C440856A-7E1C-0CE2-9065-7368A8D2205F</referedAttribute>
<useDomainConstraints>false</useDomainConstraints>
<use>1</use>
<logicalDatatype>LOGDT019</logicalDatatype>
<dataTypePrecision>4</dataTypePrecision>
<ownDataTypeParameters>,,</ownDataTypeParameters>
</Attribute>
</attributes>
<identifiers itemClass="oracle.dbtools.crest.model.design.logical.CandidateKey">
<identifier id="388F238A-51F4-DF26-577F-2E567211766E" name="OWNER PK">
<createdBy>yneh0001</createdBy>
<createdTime>2021-04-27 12:16:43 UTC</createdTime>
<ownerDesignName>logical diagram</ownerDesignName>
<engineerTo>
<item key="D178B714-BBF5-3B11-9001-9E181880335C" value="true"/>
</engineerTo>
<pk>true</pk>
<usedAttributes>
<attributeRef>09D97183-978F-A921-54D2-11F728A12DD0</attributeRef>
</usedAttributes>
</identifier>
</identifiers>
</Entity>