<?xml version = '1.0' encoding = 'UTF-8'?>
<Entity class="oracle.dbtools.crest.model.design.logical.Entity" directorySegmentName="seg_0" id="9C0C28DF-8A1A-AA4F-6802-CB57B36D2A4E" name="DRUG">
<createdBy>yneh0001</createdBy>
<createdTime>2021-04-27 13:58:58 UTC</createdTime>
<ownerDesignName>logical diagram</ownerDesignName>
<engineerTo>
<item key="D178B714-BBF5-3B11-9001-9E181880335C" value="true"/>
</engineerTo>
<adequatelyNormalized>NO</adequatelyNormalized>
<expectedVolumes>0</expectedVolumes>
<fwdEngineeringStrategyName>Single Table</fwdEngineeringStrategyName>
<growthPercent>0</growthPercent>
<growthType>Year</growthType>
<maxVolumes>9999999</maxVolumes>
<minVolumes>0</minVolumes>
<normalForm>Third</normalForm>
<attributes itemClass="oracle.dbtools.crest.model.design.logical.Attribute">
<Attribute name="qty_supplied" id="C46943FE-1C96-85F6-4EF7-E751E2C96B8E">
<createdBy>yneh0001</createdBy>
<createdTime>2021-04-27 13:59:24 UTC</createdTime>
<commentInRDBMS><![CDATA[drug quantity supplied]]></commentInRDBMS>
<ownerDesignName>logical diagram</ownerDesignName>
<engineerTo>
<item key="D178B714-BBF5-3B11-9001-9E181880335C" value="true"/>
</engineerTo>
<useDomainConstraints>false</useDomainConstraints>
<use>1</use>
<logicalDatatype>LOGDT019</logicalDatatype>
<dataTypePrecision>2</dataTypePrecision>
<ownDataTypeParameters>,2,</ownDataTypeParameters>
</Attribute>
<Attribute name="drug_cost" id="524F92B0-91C8-FB6E-0C0E-8AE29CCE610E">
<createdBy>yneh0001</createdBy>
<createdTime>2021-04-27 13:59:25 UTC</createdTime>
<commentInRDBMS><![CDATA[drug cost]]></commentInRDBMS>
<ownerDesignName>logical diagram</ownerDesignName>
<engineerTo>
<item key="D178B714-BBF5-3B11-9001-9E181880335C" value="true"/>
</engineerTo>
<useDomainConstraints>false</useDomainConstraints>
<use>1</use>
<logicalDatatype>LOGDT019</logicalDatatype>
<dataTypePrecision>10</dataTypePrecision>
<dataTypeScale>2</dataTypeScale>
<ownDataTypeParameters>,10,2</ownDataTypeParameters>
</Attribute>
<Attribute name="drug_id" id="DD9EEB1A-1FB9-383F-E09D-C0D1FDA71C64">
<createdBy>yneh0001</createdBy>
<createdTime>2021-04-27 15:38:53 UTC</createdTime>
<commentInRDBMS><![CDATA[drug id]]></commentInRDBMS>
<ownerDesignName>logical diagram</ownerDesignName>
<engineerTo>
<item key="D178B714-BBF5-3B11-9001-9E181880335C" value="true"/>
</engineerTo>
<useDomainConstraints>false</useDomainConstraints>
<use>1</use>
<logicalDatatype>LOGDT019</logicalDatatype>
<dataTypePrecision>3</dataTypePrecision>
<ownDataTypeParameters>,3,</ownDataTypeParameters>
</Attribute>
</attributes>
<identifiers itemClass="oracle.dbtools.crest.model.design.logical.CandidateKey">
<identifier id="5D28186C-DC36-0632-6069-FE81101CF893" name="DRUG PK">
<createdBy>yneh0001</createdBy>
<createdTime>2021-04-27 13:59:50 UTC</createdTime>
<ownerDesignName>logical diagram</ownerDesignName>
<engineerTo>
<item key="D178B714-BBF5-3B11-9001-9E181880335C" value="true"/>
</engineerTo>
<pk>true</pk>
<usedAttributes>
<attributeRef>DD9EEB1A-1FB9-383F-E09D-C0D1FDA71C64</attributeRef>
</usedAttributes>
</identifier>
</identifiers>
</Entity>