<?xml version = '1.0' encoding = 'UTF-8'?>
<Diagram class="oracle.dbtools.crest.swingui.logical.DPVLogical" name="Logical" id="7E96C41D-9F2B-7A8F-DD41-08BDE8D7A312">
<createdBy>yneh0001</createdBy>
<modifiedBy>yneh0001</modifiedBy>
<createdTime>2021-04-27 12:11:32 UTC</createdTime>
<autoRoute>false</autoRoute>
<boxInbox>true</boxInbox>
<showLegend>true</showLegend>
<showLabels>true</showLabels>
<showRelAttributes>false</showRelAttributes>
<gridEnabled>false</gridEnabled>
<showGrid>false</showGrid>
<diagramColor>-1</diagramColor>
<display>false</display>
<notation>2</notation>
<showAllDetails>false</showAllDetails>
<showElements>true</showElements>
<objectViews>
<OView class="oracle.dbtools.crest.swingui.TVLegend" oid="05FEEAB8-A3C7-5891-69E6-1450F2F57D16" otype="Legend" vid="E99D4EED-B352-4B6C-A5FE-7185C7C64A0C">
<hideElementsInCurrentOnly>false</hideElementsInCurrentOnly>
<bounds x="10" y="10" width="232" height="135"/>
</OView>
<OView class="oracle.dbtools.crest.swingui.logical.TVEntity" oid="15F8D213-9D5E-3797-888B-A81F35477BC9" otype="Entity" vid="C4AACD05-679C-7BBB-A968-50BCD09CCB78">
<hideElementsInCurrentOnly>false</hideElementsInCurrentOnly>
<bounds x="256" y="12" width="170" height="110"/>
</OView>
<OView class="oracle.dbtools.crest.swingui.logical.TVEntity" oid="16661FBE-CA0D-329E-1FF4-376A1ACCEC4C" otype="Entity" vid="F69B5DFF-8280-68F6-A25B-9A36304E7A92">
<hideElementsInCurrentOnly>false</hideElementsInCurrentOnly>
<bounds x="482" y="73" width="170" height="181"/>
</OView>
<OView class="oracle.dbtools.crest.swingui.logical.TVEntity" oid="215F2A72-2ADD-8946-6BB9-79B920D10A83" otype="Entity" vid="4043D6D3-2351-0133-9B8F-92BC634DC40D">
<hideElementsInCurrentOnly>false</hideElementsInCurrentOnly>
<bounds x="688" y="370" width="170" height="163"/>
</OView>
<OView class="oracle.dbtools.crest.swingui.logical.TVEntity" oid="3242DB3F-8942-E9A3-6411-A3F86689ACA5" otype="Entity" vid="A950B9A3-C2B1-06E7-368A-00ED91EE5EEE">
<hideElementsInCurrentOnly>false</hideElementsInCurrentOnly>
<bounds x="197" y="320" width="170" height="110"/>
</OView>
<OView class="oracle.dbtools.crest.swingui.logical.TVEntity" oid="3B45E4D2-1C63-7A1A-EF73-5EED3A27618D" otype="Entity" vid="FCB3F487-6E8A-D814-13CE-98C8F5048FBE">
<hideElementsInCurrentOnly>false</hideElementsInCurrentOnly>
<bounds x="407" y="375" width="170" height="110"/>
</OView>
<OView class="oracle.dbtools.crest.swingui.logical.TVEntity" oid="6B5A8FAF-E4FA-123D-FB89-3B30651B1981" otype="Entity" vid="F22E8CA4-949D-8F82-5CF0-42DE22517126">
<hideElementsInCurrentOnly>false</hideElementsInCurrentOnly>
<bounds x="820" y="175" width="170" height="162"/>
</OView>
<OView class="oracle.dbtools.crest.swingui.logical.TVEntity" oid="9C0C28DF-8A1A-AA4F-6802-CB57B36D2A4E" otype="Entity" vid="2DFD7764-7B68-4CB2-12EF-CF74E40136A4">
<hideElementsInCurrentOnly>false</hideElementsInCurrentOnly>
<bounds x="99" y="160" width="170" height="153"/>
</OView>
<OView class="oracle.dbtools.crest.swingui.logical.TVEntity" oid="A5BC1038-32BB-FE31-F2A9-FAF48B889E5F" otype="Entity" vid="5260D638-E194-6AE3-1765-5AC6D0ED33A5">
<hideElementsInCurrentOnly>false</hideElementsInCurrentOnly>
<bounds x="737" y="29" width="170" height="131"/>
</OView>
<OView class="oracle.dbtools.crest.swingui.logical.TVEntity" oid="BDE0C974-7284-89CE-4768-7BD73093B850" otype="Entity" vid="63D8B34D-56B5-4BFD-0A88-D471EF41A296">
<hideElementsInCurrentOnly>false</hideElementsInCurrentOnly>
<bounds x="14" y="380" width="170" height="110"/>
</OView>
</objectViews>
<connectors>
<Connector class="oracle.dbtools.crest.swingui.logical.TVRelation" oid="02BE65CB-BC4E-5E61-0158-060500B72E6D" otype="Relation" vid_source="5260D638-E194-6AE3-1765-5AC6D0ED33A5" vid_target="F69B5DFF-8280-68F6-A25B-9A36304E7A92">
<hideElementsInCurrentOnly>false</hideElementsInCurrentOnly>
<backgroundColor>-16777216</backgroundColor>
<lineWidth>1</lineWidth>
<sourceLabel class="oracle.dbtools.crest.model.design.Label">
<site>0</site>
<labelBounds x="702" y="55" width="29" height="31"/>
<noBackgroundColor>true</noBackgroundColor>
<noForegroundColor>true</noForegroundColor>
</sourceLabel>
<targetLabel class="oracle.dbtools.crest.model.design.Label">
<site>2</site>
<labelBounds x="662" y="89" width="21" height="37"/>
<noBackgroundColor>true</noBackgroundColor>
<noForegroundColor>true</noForegroundColor>
</targetLabel>
<points>
<point x="737" y="86"/>
<point x="652" y="86"/>
</points>
</Connector>
<Connector class="oracle.dbtools.crest.swingui.logical.TVRelation" oid="16D78367-EB9C-C8D6-F980-E186829482F8" otype="Relation" vid_source="2DFD7764-7B68-4CB2-12EF-CF74E40136A4" vid_target="F69B5DFF-8280-68F6-A25B-9A36304E7A92">
<hideElementsInCurrentOnly>false</hideElementsInCurrentOnly>
<backgroundColor>-16777216</backgroundColor>
<lineWidth>1</lineWidth>
<sourceLabel class="oracle.dbtools.crest.model.design.Label">
<site>0</site>
<labelBounds x="279" y="192" width="64" height="30"/>
<noBackgroundColor>true</noBackgroundColor>
<noForegroundColor>true</noForegroundColor>
</sourceLabel>
<targetLabel class="oracle.dbtools.crest.model.design.Label">
<site>2</site>
<labelBounds x="458" y="190" width="18" height="30"/>
<noBackgroundColor>true</noBackgroundColor>
<noForegroundColor>true</noForegroundColor>
</targetLabel>
<points>
<point x="269" y="192"/>
<point x="482" y="190"/>
</points>
</Connector>
<Connector class="oracle.dbtools.crest.swingui.logical.TVRelation" oid="3460E8C8-7D8E-48CF-9AE0-4D329AA1795B" otype="Relation" vid_source="4043D6D3-2351-0133-9B8F-92BC634DC40D" vid_target="F22E8CA4-949D-8F82-5CF0-42DE22517126">
<hideElementsInCurrentOnly>false</hideElementsInCurrentOnly>
<backgroundColor>-16777216</backgroundColor>
<lineWidth>1</lineWidth>
<sourceLabel class="oracle.dbtools.crest.model.design.Label">
<site>0</site>
<labelBounds x="868" y="433" width="71" height="28"/>
<noBackgroundColor>true</noBackgroundColor>
<noForegroundColor>true</noForegroundColor>
</sourceLabel>
<targetLabel class="oracle.dbtools.crest.model.design.Label">
<site>2</site>
<labelBounds x="909" y="379" width="19" height="30"/>
<noBackgroundColor>true</noBackgroundColor>
<noForegroundColor>true</noForegroundColor>
</targetLabel>
<points>
<point x="858" y="461"/>
<point x="909" y="461"/>
<point x="909" y="337"/>
</points>
</Connector>
<Connector class="oracle.dbtools.crest.swingui.logical.TVRelation" oid="5EBD7695-E119-13D3-59AE-DABE0357FAEC" otype="Relation" vid_source="F22E8CA4-949D-8F82-5CF0-42DE22517126" vid_target="5260D638-E194-6AE3-1765-5AC6D0ED33A5">
<hideElementsInCurrentOnly>false</hideElementsInCurrentOnly>
<backgroundColor>-16777216</backgroundColor>
<lineWidth>1</lineWidth>
<sourceLabel class="oracle.dbtools.crest.model.design.Label">
<site>0</site>
<labelBounds x="963" y="139" width="38" height="30"/>
<noBackgroundColor>true</noBackgroundColor>
<noForegroundColor>true</noForegroundColor>
</sourceLabel>
<targetLabel class="oracle.dbtools.crest.model.design.Label">
<site>2</site>
<labelBounds x="917" y="89" width="18" height="30"/>
<noBackgroundColor>true</noBackgroundColor>
<noForegroundColor>true</noForegroundColor>
</targetLabel>
<points>
<point x="963" y="175"/>
<point x="963" y="86"/>
<point x="907" y="86"/>
</points>
</Connector>
<Connector class="oracle.dbtools.crest.swingui.logical.TVRelation" oid="609F2FBF-842F-AA9F-0E8E-2CE846DD1ACB" otype="Relation" vid_source="4043D6D3-2351-0133-9B8F-92BC634DC40D" vid_target="F69B5DFF-8280-68F6-A25B-9A36304E7A92">
<hideElementsInCurrentOnly>false</hideElementsInCurrentOnly>
<backgroundColor>-16777216</backgroundColor>
<lineWidth>1</lineWidth>
<sourceLabel class="oracle.dbtools.crest.model.design.Label">
<site>0</site>
<labelBounds x="742" y="326" width="27" height="30"/>
<noBackgroundColor>true</noBackgroundColor>
<noForegroundColor>true</noForegroundColor>
</sourceLabel>
<targetLabel class="oracle.dbtools.crest.model.design.Label">
<site>2</site>
<labelBounds x="662" y="206" width="18" height="30"/>
<noBackgroundColor>true</noBackgroundColor>
<noForegroundColor>true</noForegroundColor>
</targetLabel>
<points>
<point x="742" y="370"/>
<point x="742" y="203"/>
<point x="652" y="203"/>
</points>
</Connector>
<Connector class="oracle.dbtools.crest.swingui.logical.TVRelation" oid="78609BF8-9402-BA12-E297-999F31D84CFE" otype="Relation" vid_source="A950B9A3-C2B1-06E7-368A-00ED91EE5EEE" vid_target="F69B5DFF-8280-68F6-A25B-9A36304E7A92">
<hideElementsInCurrentOnly>false</hideElementsInCurrentOnly>
<backgroundColor>-16777216</backgroundColor>
<lineWidth>1</lineWidth>
<sourceLabel class="oracle.dbtools.crest.model.design.Label">
<site>0</site>
<labelBounds x="298" y="284" width="31" height="30"/>
<noBackgroundColor>true</noBackgroundColor>
<noForegroundColor>true</noForegroundColor>
</sourceLabel>
<targetLabel class="oracle.dbtools.crest.model.design.Label">
<site>2</site>
<labelBounds x="458" y="153" width="18" height="30"/>
<noBackgroundColor>true</noBackgroundColor>
<noForegroundColor>true</noForegroundColor>
</targetLabel>
<points>
<point x="298" y="320"/>
<point x="298" y="150"/>
<point x="410" y="150"/>
</points>
</Connector>
<Connector class="oracle.dbtools.crest.swingui.logical.TVRelation" oid="ADCB344C-2538-49AA-0000-068BE2AD5C9E" otype="Relation" vid_source="2DFD7764-7B68-4CB2-12EF-CF74E40136A4" vid_target="63D8B34D-56B5-4BFD-0A88-D471EF41A296">
<hideElementsInCurrentOnly>false</hideElementsInCurrentOnly>
<backgroundColor>-16777216</backgroundColor>
<lineWidth>1</lineWidth>
<sourceLabel class="oracle.dbtools.crest.model.design.Label">
<site>0</site>
<labelBounds x="156" y="357" width="31" height="30"/>
<noBackgroundColor>true</noBackgroundColor>
<noForegroundColor>true</noForegroundColor>
</sourceLabel>
<targetLabel class="oracle.dbtools.crest.model.design.Label">
<site>2</site>
<labelBounds x="156" y="344" width="18" height="30"/>
<noBackgroundColor>true</noBackgroundColor>
<noForegroundColor>true</noForegroundColor>
</targetLabel>
<points>
<point x="156" y="313"/>
<point x="156" y="380"/>
</points>
</Connector>
<Connector class="oracle.dbtools.crest.swingui.logical.TVRelation" oid="D343649E-593F-2382-3B1D-041F5DB2581D" otype="Relation" vid_source="FCB3F487-6E8A-D814-13CE-98C8F5048FBE" vid_target="F69B5DFF-8280-68F6-A25B-9A36304E7A92">
<hideElementsInCurrentOnly>false</hideElementsInCurrentOnly>
<backgroundColor>-16777216</backgroundColor>
<lineWidth>1</lineWidth>
<sourceLabel class="oracle.dbtools.crest.model.design.Label">
<site>0</site>
<labelBounds x="529" y="331" width="31" height="30"/>
<noBackgroundColor>true</noBackgroundColor>
<noForegroundColor>true</noForegroundColor>
</sourceLabel>
<targetLabel class="oracle.dbtools.crest.model.design.Label">
<site>2</site>
<labelBounds x="529" y="298" width="18" height="30"/>
<noBackgroundColor>true</noBackgroundColor>
<noForegroundColor>true</noForegroundColor>
</targetLabel>
<points>
<point x="529" y="375"/>
<point x="493" y="248"/>
</points>
</Connector>
<Connector class="oracle.dbtools.crest.swingui.logical.TVRelation" oid="D5BEB432-BCCC-85AD-F119-667F048FC194" otype="Relation" vid_source="FCB3F487-6E8A-D814-13CE-98C8F5048FBE" vid_target="4043D6D3-2351-0133-9B8F-92BC634DC40D">
<hideElementsInCurrentOnly>false</hideElementsInCurrentOnly>
<backgroundColor>-16777216</backgroundColor>
<lineWidth>1</lineWidth>
<sourceLabel class="oracle.dbtools.crest.model.design.Label">
<site>0</site>
<labelBounds x="587" y="400" width="54" height="30"/>
<noBackgroundColor>true</noBackgroundColor>
<noForegroundColor>true</noForegroundColor>
</sourceLabel>
<targetLabel class="oracle.dbtools.crest.model.design.Label">
<site>2</site>
<labelBounds x="664" y="433" width="18" height="30"/>
<noBackgroundColor>true</noBackgroundColor>
<noForegroundColor>true</noForegroundColor>
</targetLabel>
<points>
<point x="577" y="430"/>
<point x="688" y="430"/>
</points>
</Connector>
<Connector class="oracle.dbtools.crest.swingui.logical.TVRelation" oid="E951842C-701F-BFE2-FBE6-D98E84B62C61" otype="Relation" vid_source="F69B5DFF-8280-68F6-A25B-9A36304E7A92" vid_target="C4AACD05-679C-7BBB-A968-50BCD09CCB78">
<hideElementsInCurrentOnly>false</hideElementsInCurrentOnly>
<backgroundColor>-16777216</backgroundColor>
<lineWidth>1</lineWidth>
<sourceLabel class="oracle.dbtools.crest.model.design.Label">
<site>0</site>
<labelBounds x="445" y="82" width="31" height="30"/>
<noBackgroundColor>true</noBackgroundColor>
<noForegroundColor>true</noForegroundColor>
</sourceLabel>
<targetLabel class="oracle.dbtools.crest.model.design.Label">
<site>2</site>
<labelBounds x="436" y="115" width="18" height="30"/>
<noBackgroundColor>true</noBackgroundColor>
<noForegroundColor>true</noForegroundColor>
</targetLabel>
<points>
<point x="482" y="112"/>
<point x="426" y="112"/>
</points>
</Connector>
</connectors>
</Diagram>